{
  "table_of_contents": [
    {
      "title": "VGA Port",
      "heading_level": null,
      "page_id": 0,
      "polygon": [
        [
          56.57121089100838,
          70.14665418863297
        ],
        [
          109.50858306884766,
          68.59977918863297
        ],
        [
          109.50858306884766,
          83.1539306640625
        ],
        [
          56.57121089100838,
          84.69489365816116
        ]
      ]
    },
    {
      "title": "VGA System Timing",
      "heading_level": null,
      "page_id": 0,
      "polygon": [
        [
          57.59947967529297,
          310.54136395454407
        ],
        [
          159.6685791015625,
          308.99448895454407
        ],
        [
          159.6685791015625,
          323.62506103515625
        ],
        [
          57.07462155818939,
          324.6580617427826
        ]
      ]
    }
  ],
  "page_stats": [
    {
      "page_id": 0,
      "text_extraction_method": "pdftext",
      "block_counts": [
        [
          "Span",
          144
        ],
        [
          "Line",
          71
        ],
        [
          "Text",
          6
        ],
        [
          "SectionHeader",
          2
        ],
        [
          "Figure",
          2
        ],
        [
          "Caption",
          2
        ],
        [
          "PageFooter",
          2
        ],
        [
          "FigureGroup",
          2
        ],
        [
          "PageHeader",
          1
        ]
      ],
      "block_metadata": {
        "llm_request_count": 0,
        "llm_error_count": 0,
        "llm_tokens_used": 0
      }
    },
    {
      "page_id": 1,
      "text_extraction_method": "pdftext",
      "block_counts": [
        [
          "Span",
          164
        ],
        [
          "Line",
          79
        ],
        [
          "Text",
          6
        ],
        [
          "PageHeader",
          2
        ],
        [
          "PageFooter",
          2
        ],
        [
          "Figure",
          1
        ],
        [
          "Caption",
          1
        ],
        [
          "FigureGroup",
          1
        ]
      ],
      "block_metadata": {
        "llm_request_count": 0,
        "llm_error_count": 0,
        "llm_tokens_used": 0
      }
    },
    {
      "page_id": 2,
      "text_extraction_method": "pdftext",
      "block_counts": [
        [
          "Span",
          179
        ],
        [
          "Line",
          84
        ],
        [
          "TableCell",
          46
        ],
        [
          "Text",
          3
        ],
        [
          "PageHeader",
          2
        ],
        [
          "Figure",
          2
        ],
        [
          "Table",
          2
        ],
        [
          "PageFooter",
          2
        ],
        [
          "Caption",
          1
        ],
        [
          "FigureGroup",
          1
        ]
      ],
      "block_metadata": {
        "llm_request_count": 0,
        "llm_error_count": 0,
        "llm_tokens_used": 0
      }
    }
  ],
  "debug_data_path": "debug_data/Basys2_VGA"
}