{
  "table_of_contents": [
    {
      "title": "CprE 488 \u2013 Embedded Systems Design",
      "heading_level": null,
      "page_id": 0,
      "polygon": [
        [
          178.9751386642456,
          72.61152595281601
        ],
        [
          432.9415454864502,
          72.61152595281601
        ],
        [
          432.9415454864502,
          91.1300048828125
        ],
        [
          178.9751386642456,
          91.1300048828125
        ]
      ]
    },
    {
      "title": "Lab Orientation",
      "heading_level": null,
      "page_id": 0,
      "polygon": [
        [
          259.35913825035095,
          111.97097504138947
        ],
        [
          352.70849204063416,
          111.97097504138947
        ],
        [
          352.70849204063416,
          127.97003173828125
        ],
        [
          259.35913825035095,
          127.97003173828125
        ]
      ]
    }
  ],
  "page_stats": [
    {
      "page_id": 0,
      "text_extraction_method": "pdftext",
      "block_counts": [
        [
          "Span",
          135
        ],
        [
          "Line",
          35
        ],
        [
          "Text",
          6
        ],
        [
          "ListItem",
          6
        ],
        [
          "SectionHeader",
          2
        ],
        [
          "ListGroup",
          2
        ]
      ],
      "block_metadata": {
        "llm_request_count": 0,
        "llm_error_count": 0,
        "llm_tokens_used": 0
      }
    },
    {
      "page_id": 1,
      "text_extraction_method": "surya",
      "block_counts": [
        [
          "Line",
          102
        ],
        [
          "Span",
          102
        ],
        [
          "Figure",
          1
        ]
      ],
      "block_metadata": {
        "llm_request_count": 0,
        "llm_error_count": 0,
        "llm_tokens_used": 0
      }
    }
  ],
  "debug_data_path": "debug_data/Orientation"
}